{"file_name": "S3A_SL_2_LST____20190831T194258_20190831T194558_20190831T215631_0179_048_356_0900_LN2_O_NR_003.zip", "satellite": "S3A", "datetime": "20190831T194258", "extent": {"minX": 30, "minY": 58, "maxX": 31, "maxY": 59}, "utm_code": 32636, "utm_extent": {"minX": 322707.8800559506, "minY": 6432647.779613014, "maxX": 385106.3288748781, "maxY": 6541771.139590619}, "resolution": {"xRes": 1000, "yRes": 1000}}