{"20190904T180830.npy": 1.1560742987189427, "20190905T174219.npy": 1.7871144960899976, "20190906T171608.npy": 1.1146648918736521}