{"20190904T180830.npy": 1.4543299816786446, "20190905T174219.npy": 2.0478691970322136, "20190906T171608.npy": 1.503609536045443}