{"file_name": "MOD11_L2.A2020048.1915.006.2020050045344.hdf", "datetime": "20200217T191500", "extent": {"minX": 35, "minY": 60, "maxX": 36, "maxY": 61}, "utm_code": 32636, "utm_extent": {"minX": 611544.0419768346, "minY": 6653097.435294963, "maxX": 662218.2208687387, "maxY": 6766502.990171134}, "resolution": {"xRes": 1000, "yRes": 1000}, "ds_type": "L2", "layer": "Day", "qa_policy": 0}